Workbook

Sheet GiaoDich
A1: MaGD | B1: NgayGD | C1: LoaiGD | D1: SoTien (VND) | E1: PhiDoiTac (VND) | F1: NganHang
A2: GD0001 | B2: 46296 | C2: Nạp điện thoại | D2: 62000 | E2: 434 | F2: MB Bank
A3: GD0002 | B3: 46296 | C3: Thanh toán học phí | D3: 3286000 | E3: 26288 | F3: Techcombank
A4: GD0003 | B4: 46297 | C4: Thanh toán ăn uống | D4: 106000 | E4: 954 | F4: Vietcombank
A5: GD0004 | B5: 46297 | C5: Thanh toán ăn uống | D5: 99000 | E5: 792 | F5: Techcombank
A6: GD0005 | B6: 46300 | C6: Chuyển tiền | D6: 313000 | E6: 2191 | F6: MB Bank
A7: GD0006 | B7: 46302 | C7: Thanh toán ăn uống | D7: 35000 | E7: 245 | F7: MB Bank
A8: GD0007 | B8: 46302 | C8: Chuyển tiền | D8: 1546000 | E8: 10822 | F8: MB Bank
A9: GD0008 | B9: 46302 | C9: Thanh toán học phí | D9: 2113000 | E9: 19017 | F9: Vietcombank
A10: GD0009 | B10: 46305 | C10: Nạp điện thoại | D10: 140000 | E10: 1260 | F10: Vietcombank
A11: GD0010 | B11: 46307 | C11: Thanh toán ăn uống | D11: 116000 | E11: 1160 | F11: BIDV
A12: GD0011 | B12: 46308 | C12: Nạp điện thoại | D12: 70000 | E12: 700 | F12: BIDV
A13: GD0012 | B13: 46311 | C13: Chuyển tiền | D13: 1490000 | E13: 11920 | F13: Techcombank
... A31: GD0030 | B31: 46326 | C31: Thanh toán ăn uống | D31: 113000 | E31: 791 | F31: MB Bank

Sheet NguoiDung
A1: MaGD | B1: TenNguoiDung
A2: GD0001 | B2: Nguyễn Minh Anh
A3: GD0002 | B3: Trần Quốc Bảo
A4: GD0003 | B4: Lê Thu Hà
A5: GD0004 | B5: Phạm Đức Huy
A6: GD0005 | B6: Võ Ngọc Lan
A7: GD0006 | B7: Đặng Gia Hân
A8: GD0007 | B8: Bùi Thanh Tùng
A9: GD0008 | B9: Hoàng Khánh Linh
A10: GD0009 | B10: Phan Anh Khoa
A11: GD0010 | B11: Đỗ Mai Phương
A12: GD0011 | B12: Ngô Hải Đăng
... A30: GD0030 | B30: Trịnh Diễm My

Sheet DoiSoat
A1: MaGD_Sach | B1: NgayGD | C1: LoaiGD | D1: SoTien (VND) | E1: PhiDoiTac (VND) | F1: NganHang | G1: TenNguoiDung | H1: TrangThai | I1: CoKhoangTrangThua
A2: =TRIM(GiaoDich!A2) -> GD0001 | B2: =GiaoDich!B2 -> 46296 | C2: =TRIM(GiaoDich!C2) -> Nạp điện thoại | D2: =GiaoDich!D2 -> 62000 | E2: =GiaoDich!E2 -> 434 | F2: =TRIM(GiaoDich!F2) -> MB Bank | G2: =IFERROR(VLOOKUP(A2,NguoiDung!$A$2:$B$30,2,FALSE()),"Không tìm thấy") -> Nguyễn Minh Anh | H2: =IF(G2="Không tìm thấy","Lệch","Khớp") -> Khớp | I2: =IF(LEN(GiaoDich!A2)<>LEN(TRIM(GiaoDich!A2)),"Có","Không") -> Không
A3: =TRIM(GiaoDich!A3) -> GD0002 | B3: =GiaoDich!B3 -> 46296 | C3: =TRIM(GiaoDich!C3) -> Thanh toán học phí | D3: =GiaoDich!D3 -> 3286000 | E3: =GiaoDich!E3 -> 26288 | F3: =TRIM(GiaoDich!F3) -> Techcombank | G3: =IFERROR(VLOOKUP(A3,NguoiDung!$A$2:$B$30,2,FALSE()),"Không tìm thấy") -> Trần Quốc Bảo | H3: =IF(G3="Không tìm thấy","Lệch","Khớp") -> Khớp | I3: =IF(LEN(GiaoDich!A3)<>LEN(TRIM(GiaoDich!A3)),"Có","Không") -> Không
A4: =TRIM(GiaoDich!A4) -> GD0003 | B4: =GiaoDich!B4 -> 46297 | C4: =TRIM(GiaoDich!C4) -> Thanh toán ăn uống | D4: =GiaoDich!D4 -> 106000 | E4: =GiaoDich!E4 -> 954 | F4: =TRIM(GiaoDich!F4) -> Vietcombank | G4: =IFERROR(VLOOKUP(A4,NguoiDung!$A$2:$B$30,2,FALSE()),"Không tìm thấy") -> Lê Thu Hà | H4: =IF(G4="Không tìm thấy","Lệch","Khớp") -> Khớp | I4: =IF(LEN(GiaoDich!A4)<>LEN(TRIM(GiaoDich!A4)),"Có","Không") -> Có
A5: =TRIM(GiaoDich!A5) -> GD0004 | B5: =GiaoDich!B5 -> 46297 | C5: =TRIM(GiaoDich!C5) -> Thanh toán ăn uống | D5: =GiaoDich!D5 -> 99000 | E5: =GiaoDich!E5 -> 792 | F5: =TRIM(GiaoDich!F5) -> Techcombank | G5: =IFERROR(VLOOKUP(A5,NguoiDung!$A$2:$B$30,2,FALSE()),"Không tìm thấy") -> Phạm Đức Huy | H5: =IF(G5="Không tìm thấy","Lệch","Khớp") -> Khớp | I5: =IF(LEN(GiaoDich!A5)<>LEN(TRIM(GiaoDich!A5)),"Có","Không") -> Không
A6: =TRIM(GiaoDich!A6) -> GD0005 | B6: =GiaoDich!B6 -> 46300 | C6: =TRIM(GiaoDich!C6) -> Chuyển tiền | D6: =GiaoDich!D6 -> 313000 | E6: =GiaoDich!E6 -> 2191 | F6: =TRIM(GiaoDich!F6) -> MB Bank | G6: =IFERROR(VLOOKUP(A6,NguoiDung!$A$2:$B$30,2,FALSE()),"Không tìm thấy") -> Võ Ngọc Lan | H6: =IF(G6="Không tìm thấy","Lệch","Khớp") -> Khớp | I6: =IF(LEN(GiaoDich!A6)<>LEN(TRIM(GiaoDich!A6)),"Có","Không") -> Không
A7: =TRIM(GiaoDich!A7) -> GD0006 | B7: =GiaoDich!B7 -> 46302 | C7: =TRIM(GiaoDich!C7) -> Thanh toán ăn uống | D7: =GiaoDich!D7 -> 35000 | E7: =GiaoDich!E7 -> 245 | F7: =TRIM(GiaoDich!F7) -> MB Bank | G7: =IFERROR(VLOOKUP(A7,NguoiDung!$A$2:$B$30,2,FALSE()),"Không tìm thấy") -> Đặng Gia Hân | H7: =IF(G7="Không tìm thấy","Lệch","Khớp") -> Khớp | I7: =IF(LEN(GiaoDich!A7)<>LEN(TRIM(GiaoDich!A7)),"Có","Không") -> Không
A8: =TRIM(GiaoDich!A8) -> GD0007 | B8: =GiaoDich!B8 -> 46302 | C8: =TRIM(GiaoDich!C8) -> Chuyển tiền | D8: =GiaoDich!D8 -> 1546000 | E8: =GiaoDich!E8 -> 10822 | F8: =TRIM(GiaoDich!F8) -> MB Bank | G8: =IFERROR(VLOOKUP(A8,NguoiDung!$A$2:$B$30,2,FALSE()),"Không tìm thấy") -> Bùi Thanh Tùng | H8: =IF(G8="Không tìm thấy","Lệch","Khớp") -> Khớp | I8: =IF(LEN(GiaoDich!A8)<>LEN(TRIM(GiaoDich!A8)),"Có","Không") -> Không
A9: =TRIM(GiaoDich!A9) -> GD0008 | B9: =GiaoDich!B9 -> 46302 | C9: =TRIM(GiaoDich!C9) -> Thanh toán học phí | D9: =GiaoDich!D9 -> 2113000 | E9: =GiaoDich!E9 -> 19017 | F9: =TRIM(GiaoDich!F9) -> Vietcombank | G9: =IFERROR(VLOOKUP(A9,NguoiDung!$A$2:$B$30,2,FALSE()),"Không tìm thấy") -> Hoàng Khánh Linh | H9: =IF(G9="Không tìm thấy","Lệch","Khớp") -> Khớp | I9: =IF(LEN(GiaoDich!A9)<>LEN(TRIM(GiaoDich!A9)),"Có","Không") -> Có
A10: =TRIM(GiaoDich!A10) -> GD0009 | B10: =GiaoDich!B10 -> 46305 | C10: =TRIM(GiaoDich!C10) -> Nạp điện thoại | D10: =GiaoDich!D10 -> 140000 | E10: =GiaoDich!E10 -> 1260 | F10: =TRIM(GiaoDich!F10) -> Vietcombank | G10: =IFERROR(VLOOKUP(A10,NguoiDung!$A$2:$B$30,2,FALSE()),"Không tìm thấy") -> Phan Anh Khoa | H10: =IF(G10="Không tìm thấy","Lệch","Khớp") -> Khớp | I10: =IF(LEN(GiaoDich!A10)<>LEN(TRIM(GiaoDich!A10)),"Có","Không") -> Không
A11: =TRIM(GiaoDich!A11) -> GD0010 | B11: =GiaoDich!B11 -> 46307 | C11: =TRIM(GiaoDich!C11) -> Thanh toán ăn uống | D11: =GiaoDich!D11 -> 116000 | E11: =GiaoDich!E11 -> 1160 | F11: =TRIM(GiaoDich!F11) -> BIDV | G11: =IFERROR(VLOOKUP(A11,NguoiDung!$A$2:$B$30,2,FALSE()),"Không tìm thấy") -> Đỗ Mai Phương | H11: =IF(G11="Không tìm thấy","Lệch","Khớp") -> Khớp | I11: =IF(LEN(GiaoDich!A11)<>LEN(TRIM(GiaoDich!A11)),"Có","Không") -> Không
A12: =TRIM(GiaoDich!A12) -> GD0011 | B12: =GiaoDich!B12 -> 46308 | C12: =TRIM(GiaoDich!C12) -> Nạp điện thoại | D12: =GiaoDich!D12 -> 70000 | E12: =GiaoDich!E12 -> 700 | F12: =TRIM(GiaoDich!F12) -> BIDV | G12: =IFERROR(VLOOKUP(A12,NguoiDung!$A$2:$B$30,2,FALSE()),"Không tìm thấy") -> Ngô Hải Đăng | H12: =IF(G12="Không tìm thấy","Lệch","Khớp") -> Khớp | I12: =IF(LEN(GiaoDich!A12)<>LEN(TRIM(GiaoDich!A12)),"Có","Không") -> Không
A13: =TRIM(GiaoDich!A13) -> GD0012 | B13: =GiaoDich!B13 -> 46311 | C13: =TRIM(GiaoDich!C13) -> Chuyển tiền | D13: =GiaoDich!D13 -> 1490000 | E13: =GiaoDich!E13 -> 11920 | F13: =TRIM(GiaoDich!F13) -> Techcombank | G13: =IFERROR(VLOOKUP(A13,NguoiDung!$A$2:$B$30,2,FALSE()),"Không tìm thấy") -> Dương Bảo Châu | H13: =IF(G13="Không tìm thấy","Lệch","Khớp") -> Khớp | I13: =IF(LEN(GiaoDich!A13)<>LEN(TRIM(GiaoDich!A13)),"Có","Không") -> Có
... A31: =TRIM(GiaoDich!A31) -> GD0030 | B31: =GiaoDich!B31 -> 46326 | C31: =TRIM(GiaoDich!C31) -> Thanh toán ăn uống | D31: =GiaoDich!D31 -> 113000 | E31: =GiaoDich!E31 -> 791 | F31: =TRIM(GiaoDich!F31) -> MB Bank | G31: =IFERROR(VLOOKUP(A31,NguoiDung!$A$2:$B$30,2,FALSE()),"Không tìm thấy") -> Trịnh Diễm My | H31: =IF(G31="Không tìm thấy","Lệch","Khớp") -> Khớp | I31: =IF(LEN(GiaoDich!A31)<>LEN(TRIM(GiaoDich!A31)),"Có","Không") -> Không

Sheet TomTatDoiSoat
A1: ChiTieu | B1: GiaTri
A2: Tổng số giao dịch | B2: =COUNTA(DoiSoat!A2:A31) -> 30
A3: Số giao dịch khớp | B3: =COUNTIF(DoiSoat!H2:H31,"Khớp") -> 29
A4: Số giao dịch lệch | B4: =COUNTIF(DoiSoat!H2:H31,"Lệch") -> 1
A5: Tỷ lệ khớp | B5: =B3/B2 -> 0.96666667
A6: Số mã có khoảng trắng thừa | B6: =COUNTIF(DoiSoat!I2:I31,"Có") -> 6
A7: Tổng số tiền giao dịch (VND) | B7: =SUM(DoiSoat!D2:D31) -> 31327000
A8: Tổng phí đối tác (VND) | B8: =SUM(DoiSoat!E2:E31) -> 269289

Sheet TongHop
A1: Thang | B1: NapDienThoai (tr.đ) | C1: ChuyenTien (tr.đ) | D1: HocPhi (tr.đ) | E1: AnUong (tr.đ) | F1: TongDoanhThu (tr.đ) | G1: PhiDoiTac (tr.đ) | H1: ChiPhiVanHanhUuDai (tr.đ) | I1: LoiNhuan (tr.đ) | J1: TangTruongDoanhThu | K1: PhiDoiTac/DoanhThu
A2: T5/2026 | B2: 180 | C2: 320 | D2: 150 | E2: 120 | F2: =SUM(B2:E2) -> 770 | G2: 310 | H2: 520 | I2: =F2-G2-H2 -> -60 | J2: - | K2: =G2/F2 -> 0.4025974
A3: T6/2026 | B3: 190 | C3: 330 | D3: 160 | E3: 125 | F3: =SUM(B3:E3) -> 805 | G3: 320 | H3: 540 | I3: =F3-G3-H3 -> -55 | J3: =F3/F2-1 -> 0.045454545 | K3: =G3/F3 -> 0.39751553
A4: T7/2026 | B4: 175 | C4: 310 | D4: 140 | E4: 118 | F4: =SUM(B4:E4) -> 743 | G4: 300 | H4: 520 | I4: =F4-G4-H4 -> -77 | J4: =F4/F3-1 -> -0.077018634 | K4: =G4/F4 -> 0.40376851
A5: T8/2026 | B5: 200 | C5: 340 | D5: 230 | E5: 130 | F5: =SUM(B5:E5) -> 900 | G5: 350 | H5: 540 | I5: =F5-G5-H5 -> 10 | J5: =F5/F4-1 -> 0.21130552 | K5: =G5/F5 -> 0.38888889
A6: T9/2026 | B6: 210 | C6: 350 | D6: 260 | E6: 135 | F6: =SUM(B6:E6) -> 955 | G6: 370 | H6: 560 | I6: =F6-G6-H6 -> 25 | J6: =F6/F5-1 -> 0.061111111 | K6: =G6/F6 -> 0.38743455
A7: T10/2026 | B7: 345 | C7: 355 | D7: 262 | E7: 136 | F7: =SUM(B7:E7) -> 1098 | G7: 410 | H7: 640 | I7: =F7-G7-H7 -> 48 | J7: =F7/F6-1 -> 0.14973822 | K7: =G7/F7 -> 0.37340619
A9: Ghi chú
A10: Chữ xanh là dữ liệu nhập. Số liệu T5 đến T10/2026 là dữ liệu giả lập của bài tập, đơn vị triệu đồng.
A11: Doanh thu là phí dịch vụ PayKX thu theo 4 nhóm giao dịch. Lợi nhuận = Tổng doanh thu - Phí đối tác - Chi phí vận hành và ưu đãi.
A12: Slide PowerPoint lấy toàn bộ số liệu từ bảng này.

Sheet PhanTich
A1: KhaiNiem | B1: ThanhPhan | C1: MoTa | D1: ViDu
A2: Record | B2: Một dòng dữ liệu | C2: Mỗi record là một giao dịch hoàn chỉnh, gồm đủ 6 trường. Dòng 1 là tiêu đề nên không tính. | D2: GD0001 | 01/10/2026 | Nạp điện thoại | 62,000 | 434 | MB Bank
A3: Field | B3: MaGD | C3: Mã giao dịch, kiểu văn bản, duy nhất cho mỗi record nên là khóa chính. Là trường dùng để VLOOKUP. | D3: GD0001
A4: Field | B4: NgayGD | C4: Ngày phát sinh giao dịch, kiểu ngày. | D4: 01/10/2026
A5: Field | B5: LoaiGD | C5: Nhóm giao dịch, kiểu văn bản, gồm 4 giá trị: nạp điện thoại, chuyển tiền, thanh toán học phí, thanh toán ăn uống. | D5: Nạp điện thoại
A6: Field | B6: SoTien | C6: Số tiền giao dịch bằng VND, kiểu số. | D6: 62,000
A7: Field | B7: PhiDoiTac | C7: Phí ngân hàng đối tác tính cho giao dịch, VND, kiểu số. | D7: 434
A8: Field | B8: NganHang | C8: Ngân hàng xử lý giao dịch, kiểu văn bản. | D8: MB Bank
A9: Thống kê | B9: Số record | C9: =COUNTA(GiaoDich!A2:A31) -> 30 | D9: Đếm theo cột MaGD
A10: Thống kê | B10: Số field | C10: =COUNTA(GiaoDich!A1:F1) -> 6 | D10: Đếm theo hàng tiêu đề

Sheet KiemThu
A1: Buoc | B1: DiemKiemTra | C1: CachLamTrongExcel | D1: DauHieuLoi | E1: CachXuLy
A2: 1 | B2: Khoảng trắng và ký tự ẩn | C2: So sánh =LEN(ô mã) với =LEN(TRIM(ô mã)) ở cả giá trị tra cứu lẫn cột đầu của bảng tra. | D2: Hai độ dài khác nhau. Trong file này cột CoKhoangTrangThua của sheet DoiSoat báo 'Có' cho 6 mã. | E2: Bọc giá trị tra cứu bằng TRIM, thêm CLEAN nếu dữ liệu dán từ web hoặc PDF.
A3: 2 | B3: Kiểu dữ liệu và cách viết mã | C3: Dùng =ISTEXT(ô) và =ISNUMBER(ô) trên cả hai bên. Xem mã có đồng nhất dạng GD cộng 4 chữ số không. | D3: Một bên là số, một bên là văn bản, hoặc mã thiếu số 0 đầu (GD1 thay vì GD0001). | E3: Đổi về cùng kiểu bằng TEXT hoặc VALUE, chuẩn hóa độ dài mã trước khi tra.
A4: 3 | B4: Công thức VLOOKUP và vùng tra | C4: Xem lại 4 tham số: giá trị tra, vùng bảng, số cột trả về, FALSE. Cột mã phải là cột đầu tiên của vùng, vùng khóa bằng $. | D4: Vùng bị trượt khi kéo công thức, vùng thiếu dòng cuối, số cột lớn hơn số cột của vùng, hoặc quên tham số FALSE. | E4: Sửa thành NguoiDung!$A$2:$B$30 với số cột 2 và FALSE.
A5: 4 | B5: Mã có thật sự tồn tại trong bảng nguồn | C5: Chạy =COUNTIF(NguoiDung!$A:$A, mã đã TRIM). Kết quả 0 nghĩa là bảng tra không có mã đó. | D5: Đã làm sạch và công thức đúng mà vẫn báo lỗi không tìm thấy giá trị. Trong file này là mã GD0017. | E5: Đây là lệch dữ liệu thật. Gắn trạng thái Lệch, gửi danh sách cho ngân hàng bổ sung. IFERROR chỉ dùng sau bước này.
