Workbook

Sheet Tổng hợp phí
A1: STT | B1: Ngân hàng đối tác | C1: Mã đối tác | D1: Số giao dịch (thành công) | E1: Doanh số (VND) | F1: Phí cố định (VND) | G1: Tỷ lệ phí (%) | H1: Phí biến đổi (VND) | I1: Tổng phí (VND)
A2: 1 | B2: Vietcombank | C2: VCB | D2: 128345 | E2: 25364580000 | F2: 1000000 | G2: 0.0008 | H2: =E2*G2 -> 20291664 | I2: =F2+H2 -> 21291664
A3: 2 | B3: BIDV | C3: BIDV | D3: 96732 | E3: 18245760000 | F3: 1000000 | G3: 0.0008 | H3: =E3*G3 -> 14596608 | I3: =F3+H3 -> 15596608
A4: 3 | B4: VietinBank | C4: CTG | D4: 87531 | E4: 16834210000 | F4: 1000000 | G4: 0.0007 | H4: =E4*G4 -> 11783947 | I4: =F4+H4 -> 12783947
A5: 4 | B5: Techcombank | C5: TCB | D5: 74113 | E5: 14102330000 | F5: 1000000 | G5: 0.0007 | H5: =E5*G5 -> 9871631 | I5: =F5+H5 -> 10871631
A6: 5 | B6: MB Bank | C6: MBB | D6: 63921 | E6: 12009880000 | F6: 1000000 | G6: 0.0008 | H6: =E6*G6 -> 9607904 | I6: =F6+H6 -> 10607904
A7: 6 | B7: ACB | C7: ACB | D7: 52448 | E7: 9455230000 | F7: 1000000 | G7: 0.0008 | H7: =E7*G7 -> 7564184 | I7: =F7+H7 -> 8564184
A8: 7 | B8: VPBank | C8: VPB | D8: 49302 | E8: 8921450000 | F8: 1000000 | G8: 0.0008 | H8: =E8*G8 -> 7137160 | I8: =F8+H8 -> 8137160
A9: 8 | B9: TPBank | C9: TPB | D9: 38654 | E9: 6784120000 | F9: 1000000 | G9: 0.0008 | H9: =E9*G9 -> 5427296 | I9: =F9+H9 -> 6427296
A10: 9 | B10: OCB | C10: OCB | D10: 27832 | E10: 4982630000 | F10: 1000000 | G10: 0.0008 | H10: =E10*G10 -> 3986104 | I10: =F10+H10 -> 4986104
A11: 10 | B11: SHB | C11: SHB | D11: 22145 | E11: 3765230000 | F11: 1000000 | G11: 0.0008 | H11: =E11*G11 -> 3012184 | I11: =F11+H11 -> 4012184
B12: TỔNG CỘNG | D12: =SUM(D2:D11) -> 641023 | E12: =SUM(E2:E11) -> 120465420000 | F12: =SUM(F2:F11) -> 10000000 | H12: =SUM(H2:H11) -> 93278682 | I12: =SUM(I2:I11) -> 103278682

Sheet Giao dịch
A1: Mã GD (gốc) | B1: Mã GD (đã TRIM) | C1: Tên người dùng | D1: Mã ngân hàng | E1: Ngày GD | F1: Số tiền (VND)
A2: GD2405001 | B2: =TRIM(A2) -> GD2405001 | C2: =VLOOKUP(B2,'Người dùng'!$A$2:$B$21,2,FALSE()) -> Nguyễn Minh Anh | D2: VCB | E2: 45413 | F2: 150000
A3: GD2405002 | B3: =TRIM(A3) -> GD2405002 | C3: =VLOOKUP(B3,'Người dùng'!$A$2:$B$21,2,FALSE()) -> Trần Quốc Bảo | D3: BIDV | E3: 45414 | F3: 320000
A4: GD2405003 | B4: =TRIM(A4) -> GD2405003 | C4: =VLOOKUP(B4,'Người dùng'!$A$2:$B$21,2,FALSE()) -> Lê Thu Hà | D4: CTG | E4: 45415 | F4: 85000
A5: GD2405004 | B5: =TRIM(A5) -> GD2405004 | C5: =VLOOKUP(B5,'Người dùng'!$A$2:$B$21,2,FALSE()) -> Phạm Đức Huy | D5: TCB | E5: 45416 | F5: 1200000
A6: GD2405005 | B6: =TRIM(A6) -> GD2405005 | C6: =VLOOKUP(B6,'Người dùng'!$A$2:$B$21,2,FALSE()) -> Hoàng Gia Linh | D6: MBB | E6: 45417 | F6: 450000
A7: GD2405006 | B7: =TRIM(A7) -> GD2405006 | C7: =VLOOKUP(B7,'Người dùng'!$A$2:$B$21,2,FALSE()) -> Vũ Thanh Tùng | D7: ACB | E7: 45418 | F7: 60000
A8: GD2405007 | B8: =TRIM(A8) -> GD2405007 | C8: =VLOOKUP(B8,'Người dùng'!$A$2:$B$21,2,FALSE()) -> Đặng Khánh Vy | D8: VPB | E8: 45419 | F8: 2500000
A9: GD2405008 | B9: =TRIM(A9) -> GD2405008 | C9: =VLOOKUP(B9,'Người dùng'!$A$2:$B$21,2,FALSE()) -> Bùi Hải Nam | D9: TPB | E9: 45420 | F9: 99000
A10: GD2405009 | B10: =TRIM(A10) -> GD2405009 | C10: =VLOOKUP(B10,'Người dùng'!$A$2:$B$21,2,FALSE()) -> Đỗ Ngọc Mai | D10: OCB | E10: 45421 | F10: 780000
A11: GD2405010 | B11: =TRIM(A11) -> GD2405010 | C11: =VLOOKUP(B11,'Người dùng'!$A$2:$B$21,2,FALSE()) -> Ngô Tuấn Kiệt | D11: SHB | E11: 45422 | F11: 135000
A12: GD2405011 | B12: =TRIM(A12) -> GD2405011 | C12: =VLOOKUP(B12,'Người dùng'!$A$2:$B$21,2,FALSE()) -> Dương Bảo Châu | D12: VCB | E12: 45423 | F12: 240000
A13: GD2405012 | B13: =TRIM(A13) -> GD2405012 | C13: =VLOOKUP(B13,'Người dùng'!$A$2:$B$21,2,FALSE()) -> Lý Hoàng Phúc | D13: BIDV | E13: 45424 | F13: 560000
... A21: GD2405020 | B21: =TRIM(A21) -> GD2405020 | C21: =VLOOKUP(B21,'Người dùng'!$A$2:$B$21,2,FALSE()) -> Tạ Quang Vinh | D21: SHB | E21: 45432 | F21: 118000

Sheet Người dùng
A1: Mã GD | B1: Tên người dùng
A2: GD2405001 | B2: Nguyễn Minh Anh
A3: GD2405002 | B3: Trần Quốc Bảo
A4: GD2405003 | B4: Lê Thu Hà
A5: GD2405004 | B5: Phạm Đức Huy
A6: GD2405005 | B6: Hoàng Gia Linh
A7: GD2405006 | B7: Vũ Thanh Tùng
A8: GD2405007 | B8: Đặng Khánh Vy
A9: GD2405008 | B9: Bùi Hải Nam
A10: GD2405009 | B10: Đỗ Ngọc Mai
A11: GD2405010 | B11: Ngô Tuấn Kiệt
A12: GD2405011 | B12: Dương Bảo Châu
... A21: GD2405020 | B21: Tạ Quang Vinh

Sheet Ghi chú
A1: Chỉ tiêu | B1: Giá trị
A2: Tổng doanh số (VND) | B2: ='Tổng hợp phí'!E12 -> 120465420000
A3: Tổng số giao dịch | B3: ='Tổng hợp phí'!D12 -> 641023
A4: Tổng phí đối tác (VND) | B4: ='Tổng hợp phí'!I12 -> 103278682
A5: Tỷ lệ phí biến đổi bình quân | B5: ='Tổng hợp phí'!H12/'Tổng hợp phí'!E12 -> 0.00077431915
A6: Công thức phí | B6: Tổng phí = Phí cố định + (Doanh số × Tỷ lệ phí)
A7: Chữ xanh | B7: Số liệu nhập tay, lấy từ báo cáo đối tác tháng 05/2024 (giả định cho bài tập)
A8: Sheet Giao dịch | B8: 20 dòng mẫu để minh họa TRIM và VLOOKUP, không cộng vào bảng tổng hợp
A9: Mã GD (gốc) | B9: Một số dòng cố ý thừa khoảng trắng đầu và cuối, cột B dùng TRIM để làm sạch
